Name,Category,Year,Description_Length,Current_Description_Preview
"Ash House (Fort de la Frèniere)","Fort / Trading Post","1795","350","This North West Company "canoe fort" was established on the north shore of the Souris River | which was originally called Rivière St. Pierre by La Vére"
"Bacon Ridge","Road Allowance Community","1950s (Documented)","298","Located south of Lake Ebb and Flow and its associated reserve | this settlement recorded a population of ninety Métis in 1959. It was categorized as a "
"Baie de Canard","Settlement","Oral tradition / approximate","188","A centuries-old gathering place on Lake Winnipegosis known for salt springs and fisheries. Many members took scrip in 1885 but unsuccessfully petition"
"Baie St. Paul","Parish / Settlement","Oral tradition / approximate","350","A French-Métis parish on the Assiniboine River between St. François Xavier and Poplar Point. Father Belcourt founded the mission to transition the Mét"
"Baie St. Paul (Saulteaux Village)","Parish / Settlement","1832","350","A French-Métis parish on the Assiniboine River between St. François Xavier and Poplar Point. Father Belcourt founded the mission to transition the Mét"
"Balsam Bay","Settlement","1884","295","A Métis community located south of Grand Beach with a recorded history dating to 1884. It was named by Matilda Aerson (née Thomas). The community was "
"Barrows (Baden, Powell, National Mills and Red Deer Lake)","Settlement (Lumber Towns)","Late 1700s","350","This area was settled by the Red River Métis in the late 1700s. Barrows is the largest of a cluster of five associated Métis communities situated on t"
"Bas de la Rivière (Fort Alexander)","Fort / Trading Post","1732","350","Originally established as a wintering post and depot for the North West Company in 1732 | this location was vital because the soil was suitable for agr"
"Bas de la Rivière (Pine Falls, Fort Alexander)","Fort / Settlement","1732","350","This community spanned both shores of the Winnipeg River | from Pointe au Foutre (the portage at Pine Falls) down to Traverse Bay on Lake Winnipeg. It "
"Batoche","Settlement (Wintering site)","Historic wintering site","198","A destination for French-speaking Métis who moved permanently to their traditional wintering quarters after the 1869-70 Resistance. It is recognized a"
"Battle River Valley","Settlement / Wintering site","Historic","350","A vital wintering hunting grounds in the Saskatchewan River parkland where the north buffalo hunt brigades of the Metis wintered each season near the "
"Berens River","Settlement / Trading Post","1814 (First post)","325","Located on the east shore of Lake Winnipeg | this site was a stopping point for Métis boatmen since 1765. It was a thriving community until 1970 | when "
"Big Eddy (Settlement)","Road Allowance Community","1912 (Incorporation exclusion)","285","A road allowance community located seven kilometers northwest of The Pas. When The Pas was incorporated in 1912 | Big Eddy was intentionally excluded f"
"Birds Hill","Historic Sanctuary","1824 (Grant)","252","Named after James Curtis Bird | an HBC Chief Factor who received a 3 |000-acre land grant here in 1824. Known as "the Pines |" its high ground served as "
"Birsay Village","Settlement","Oral tradition / approximate","262","Built west of Fort Douglas by Orkney-Cree Michif freemen seeking a sedentary life. Named for the home parish of leader Magnus Spence. The village was "
"Birsay Village or Orkney Town","Settlement","1817","262","Built west of Fort Douglas by Orkney-Cree Michif freemen seeking a sedentary life. Named for the home parish of leader Magnus Spence. The village was "
"Black Butte (Butte Noir)","Settlement / Landmark","Historic","350","Known as 'Butte Noir' to the French-speaking Metis | this prominent landmark near the North Dakota-Manitoba border served as a critical navigation poin"
"Blood River Post (Bloodvein River)","Trading Post","1794","152","An HBC post located at the mouth of the Bloodvein River on Lake Winnipeg. It was part of the extensive northern trade network utilized by Métis boatme"
"Blueberry Patch","Traditional Harvesting Site","Ancient / Traditional","255","Traditional harvesting grounds within the Swan Pelican Provincial Forest used by the Métis and First Nations people of Pine Creek | Camperville | and Du"
"Boggy Creek and San Clara","Settlement","Early 1880s","273","Settled by fur trade families in the 1880s | these hubs near Roblin were thriving communities for trapping and trade. In the late 1930s | many founding "
"Brandon House and Fort Assiniboine","Forts / Trading Posts","Oct 16, 1793","288","Brandon House was founded by the HBC on the northeast bank of the Assiniboine River. It was a central trade hub but underwent several moves due to com"
"Buffalo Lake","Settlement (Wintering site)","Historic","350","A historic wintering site for Metis hivernants (winterers) in central Saskatchewan | situated in the Aspen Parkland region. This lake was part of the b"
"Butte St. Paul ("Ot Accowabiwinins")","Landmark","Ancient","350","A prominent geographic landmark and community gathering place mentioned in the Virtual Museum with the traditional Michif name 'Ot Accowabiwinins.' Th"
"Calf Mountain (Tete de Boeuf), Little Dance Hill","Historic / Ceremonial Site","Ancient / Historic","350","Located south of Darlingford with an elevation of 1 |550 feet | this was a sacred ceremonial site for Plains Indians who called it Mepawaquomoshin (Litt"
"Camperville","Settlement","1860s (Salt); 1914 (Renamed)","245","History is rooted in the 1860s salt trade where Métis prepared salt for the HBC. Renamed for Father Camper | who encouraged Métis from St. Laurent to s"
"Carlton Trail (Métis Stopping Points)","Transportation Route","Early 1800s","177","A network of stopping houses established as Métis freighted goods west to Edmonton. These houses | such as High Bluff and Tanner’s Crossing | evolved in"
"Carrot River Valley (Pasquia Settlement)","Settlement Hub","Ancient Rendezvous; 1741 (Fort)","183","A strategic region south of The Pas used for farming and gathering. It includes settlements like Young's Point and was historically a rendezvous for h"
"Catfish Creek","Geographic Landmark","Oral tradition / approximate","217","Flows into the Assiniboine River near present-day Polo Park in Winnipeg. Historically significant as a junction point where Metis boatmen from western"
"Cayer","Settlement","1950s (Documented)","149","A Métis community located northeast of McCreary and east of Dauphin. Named for Narcisse K. Cayer | it had a population of 150 Métis residents in 1959."
"Cedar Lake (Chemanwawin) Métis Settlement","Settlement (Flooded)","Ancient; Relocated 1960s","350","A self-sufficient community on the west shore of Cedar Lake | its name derived from the Cree word for "a place for fishing with nets". In the early 196"
"Charleswood (St. Charles Parish)","Parish / Settlement","Early 1800s","171","The location of "The Passage |" a natural ford for Red River carts. Among the earliest settlers on the river lot farms were the Beauchemin | Hogue | and "
"Choteau","Settlement","Late 1800s","350","A significant Métis community in north-central Montana along the Rocky Mountain Front. Established by families who migrated south from the Red River S"
"Cold Lake","Road Allowance Community","Oral tradition / approximate","243","A road allowance community south of Sherridon known as "Moccasin Flats". Residents worked in mining and guiding but were denied land titles. Senator E"
"Cold Lake (Kississing)","Road Allowance Community","Early 1900s","243","A road allowance community south of Sherridon known as "Moccasin Flats". Residents worked in mining and guiding but were denied land titles. Senator E"
"Cooks Creek","Mission / Settlement","1833","191","Site of St. Peter’s Anglican Mission established on land donated by Chief Peguis. By 1850 | it was a productive community with 500 residents living on "
"Cormorant","Settlement","Historic","192","Located north of The Pas on Cormorant Lake | this is a historic Indigenous campsite and fishing area. In 1959 | it had 169 Métis residents and was key t"
"Cranberry Portage","Settlement / Trading Post","Ancient; 1804 (Post)","180","A 2 |000-year-old portage between the Grassy River and Lake Athapapuskow. Métis trapper David Collins is credited with showing prospectors the claim th"
"Crane River (O-Chi-Chak-Ko-Sipi)","Settlement","Historic","158","Located on the northwest shore of Lake Manitoba. Historically | Métis and First Nations gathered here to collect salt. It borders the Crane River First"
"Crescentwood","Settlement (Displaced)","Pre-1870 (Lots); 1902 (Suburb)","189","Originally composed of long Métis river lots south of the Assiniboine River in Winnipeg. Wealthy development starting in 1902 displaced original resid"
"Cumberland House","Fort / Trading Post","1774","103","A major fur trade juncture established in 1774. It was the main route into the North in the late 1800s."
"Curling River Post","Trading Post","1817","134","Established by Peter Fidler's son Charles to compete with NWC posts near Minnedosa. It was located on the Curling (now Rolling) River."
"Cypress Hills","Settlement (Wintering site)","Historic","136","A vital seasonal hunting ground and settlement area for the plains Métis. Hivernant families and brigades utilized the area extensively."
"Deer Rapids","Settlement","Historic","96","The location of early Indian and Métis settlements on the Red River | later known as St. Andrews."
"Dog Head Settlement","Settlement / Trading Post","1901 (Documented)","170","Located on the east shore of Lake Winnipeg; home to itinerant Métis such as prospector Louis Simard Sr.. Simard held claims in several mining shafts l"
"Dog Patch","Road Allowance Community","Early 1900s","144","A road allowance community in Winnipeg near the CPR Weston shops. Created as Métis were displaced by industrial expansion and urban development."
"Duck Bay (Zhiishiibi-Ziibiing)","Settlement","Oral tradition / approximate","188","A centuries-old gathering place on Lake Winnipegosis known for salt springs and fisheries. Many members took scrip in 1885 but unsuccessfully petition"
"Duck Mountain","Geographic Landmark","Historic","107","A significant geographic area for fur trade and Métis settlement | notably around San Clara and Boggy Creek."
"Easterville","Settlement (Relocated)","Early 1960s","175","The relocation site for families from the flooded Cedar Lake community. The townsite was deemed unsuitable for their traditional way of life | leading "
"Eddystone","Settlement","1938 (Church)","143","Originally called Lonely Lake; in 1938 | residents collaborated to build the St. Thomas Aquinas Catholic Church. Land was donated by Jim Spence."
"Edmonton House (Fort Augustus)","Fort / Trading Post","1795","82","A major northwestern trade hub and destination for Red River families moving west."
"Fairford Settlement (formerly Pinaymootang)","Mission / Trading Post","1795 (Post); 1842 (Mission)","132","A mission and trading post where trade relations were notoriously tense in the late 1700s. Duncan Cameron wintered there in 1795-96."
"Fish Creek","Historic Site","Historic","350","Flows into the South Saskatchewan River near Batoche Saskatchewan. Site of the Battle of Fish Creek (Tourond's Coulee) on April 24 1885 where Gabriel "
"Flee Island Entrenchments","Historic Site (Defensive)","1864","161","Fortified camps built by Dakota refugees in 1864. They featured circular trenches and pits where women and children took refuge during attacks by boun"
"Fond du Lac (now St. Laurent)","Settlement","1824","186","Established by Métis forced to leave Pembina when it became American territory. Residents maintained a strong Michif identity despite church and schoo"
"Fort Alexander (Sagkeeng)","Fort / Trading Post","1793","179","Originally an HBC post built to counter the NWC's Bas-de-la-Rivière. It was a key provisioning post where pemmican from the upper Assiniboine was stor"
"Fort Dauphin","Fort / Trading Post","1741","136","Established in present-day Winnipegosis by Chevalier de la Vérendrye. Explorer Peter Fidler died here in 1822. Later known as "Dogtown"."
"Fort de la Rivière Tremblante","Fort / Trading Post","1791","156","Built by Robert Grant | it was Cuthbert Grant Sr.'s favorite residence and a key provisioning post for brigades. Departed in 1798 due to intense compet"
"Fort de la Rivière Tremblante (Grant’s House, Aspin House)","Fort / Trading Post","1791","350","Built by Robert Grant of the North West Company in 1791 | this post was situated on the Upper Assiniboine River near the mouth of the Rivière Tremblant"
"Fort des Épinettes","Fort / Trading Post","1768","100","A major depot on the Assiniboine used for Mandan trade. Abandoned in 1781 after a smallpox epidemic."
"Fort Desjarlais","Fort / Trading Post","1836","109","Built by Joseph Desjarlais and protected by an oak palisade. It was a major supplier of pemmican and whiskey."
"Fort Ellice","Fort / Trading Post","1794","144","Established on the Qu’Appelle River; it served as the headquarters for the Swan River District. Managed by famous Métis traders like the McKays."
"Fort Gibralter","Fort / Trading Post","1810","121","Built at the Forks by the NWC; seized by Louis Riel in 1869. Site for meetings of the Legislative Assembly of Assiniboia."
"Fort la Reine","Fort / Trading Post","Oral tradition / approximate","122","Established near a buffalo crossing and sturgeon fishery. Home of Chief Peichito Tanner | who operated 250 Red River carts."
"Fort la Reine (Portage la Prairie)","Fort / Trading Post","1738","122","Established near a buffalo crossing and sturgeon fishery. Home of Chief Peichito Tanner | who operated 250 Red River carts."
"Fort Langley","Fort / Trading Post","Historic","350","Major Hudson's Bay Company post established in 1827 on the Fraser River in what is now British Columbia. A critical supply and trade hub for the Pacif"
"Fort Montagne à la Bosse","Fort / Trading Post","1790","133","Built on the Upper Assiniboine near buffalo wintering grounds. Buffalo could be seen grazing from the fort gate at almost any season."
"Fort Mr. Grant","Fort / Trading Post","1824","132","Built by Cuthbert Grant after the HBC closed Brandon House. Used to trade with Métis and Indians from Turtle Mountain to Qu’Appelle."
"Fort Pelly","Fort / Trading Post","1824","78","Headquarters for the Swan River District before being replaced by Fort Ellice."
"Fort Pinancewaywining","Fort / Trading Post","1802","120","Located south-west of Morden; first post supplied by Red River Carts from Pembina. Built by Alexander Henry the Younger."
"Fort Rouge","Fort / Trading Post","1738","135","Located at the south point of the Forks; originally river lots owned by Métis families. Residents were displaced by suburban expansion."
"Fort Souris","Fort / Trading Post","1793","108","Built on the Souris River for Mandan trade. Abandoned when HBC built Brandon House but later re-established."
"Fort St. Charles","Fort / Trading Post","Early 1730s","108","Built by La Vérendrye in the early 1730s; ruins discovered in 1902. Contained remains of La Vérendrye's son."
"Fouillard Town (The Corner / Li Kwayn)","Road Allowance Community","1939","350","A road allowance community near Binscarth established by refugees from Ste. Madeleine. After their homes in Ste. Madeleine were burned in 1939 to make"
"Four Persons","Settlement","Late 1800s","350","A Métis community in northern Montana associated with the broader Choteau settlement area. Formed by families who migrated south from the Red River re"
"Frog Plain (La Grenouillère)","Meeting Site / Rendezvous","Early 1800s","119","Traditional meeting place north of Seven Oaks. Site of annual rendezvous where partners met brigades bringing pemmican."
"Gabriel's Crossing","Settlement / Transportation site","1870s","85","A historic ferry crossing on the South Saskatchewan River operated by Gabriel Dumont."
"Grand Marais","Settlement","Early 1800s","143","Community on the east shore of Lake Winnipeg that maintained exclusive Métis identity until the mid-1950s. Overwhelmed by the tourist industry."
"Grand Rapids (Red River and Saskatchewan River)","Settlement / Fort","1823 (Red River) / 1864 (HBC Sask River)","350","The Red River community was formed after 1823 north of Winnipeg on high ground. In 1840 | it was 39% Métis fathers and 97% Aboriginal mothers. The Sask"
"Grande Pointe","Settlement","1860s","141","Métis settlement dating back to the 1860s along the Seine River. Residents found employment building the Pembina Branch Railway in the 1870s."
"Grantown (St. François Xavier)","Parish / Settlement","Oral tradition / approximate","136","Established by Cuthbert Grant in 1823 as a buffer for the Red River Settlement. First industrial site in Manitoba for cart construction."
"Grassy Narrows House","Trading Post (Outpost)","Pre-1875","133","HBC outpost on Lake Winnipeg staffed by Métis families like the Whiteways and Spences. Located on the west bank of the Hecla channel."
"Green Lake (Lac Vert)","Settlement / Trading Post","Historic","56","Listed as a significant Métis community in Saskatchewan."
"Hair Hills or Pembina Mountains","Geographic Landmark","Historic","116","Named for buffalo wool rubbed off on trees. Strategic wintering spot for hunters and site of early trading outposts."
"Havre","Settlement","Late 1800s","350","Northern Montana Métis community along the Milk River | where families settled after being displaced from the Red River area. Members took scrip in the"
"Heart Butte","Settlement","Historic","350","A Métis community in northwestern North Dakota with deep cultural and kinship connections to the Canadian Red River Métis homeland. The community is l"
"Îlets de Bois","Settlement / Sugar Bush Site","Oral tradition / approximate","125","Primary stopping point for buffalo hunters to repair carts. Famous for spring "sugar lots" where families tapped maple trees."
"Îlets de Bois (now Carman)","Settlement","1825","125","Primary stopping point for buffalo hunters to repair carts. Famous for spring "sugar lots" where families tapped maple trees."
"Island Cache","Settlement","Historic","350","A Métis community in British Columbia associated with the western migration of fur trade families. Located along major trade routes | it served as a st"
"Jack River Post","Trading Post","1796","123","HBC post south of Norway House; relocation site for Selkirk Settlers in 1815. Replaced by modern Norway House site in 1827."
"Kansas Half Breed Tracts","Reserved Lands / Settlement","1825","54","Lands set aside for Métis people in the United States."
"Kelly Lake","Settlement","Historic","350","A Métis community in northeastern British Columbia | near the Alberta border. Established during the westward expansion of the fur trade and the moveme"
"Kettle Stones","Geographic Landmark","Ancient","118","Sandstone concretions in the Swan-Pelican forest. Traditional harvesting area for families of Pine Creek and Duck Bay."
"Kinosota","Settlement / Trading Post","Oral tradition / approximate","125","Established at the narrows of Lake Manitoba. Relocated in 1828 to oppose independent hunters. Treaty Two signed here in 1871."
"La Chevulure Montagne Post (Hair Hills Post)","Trading Outpost","Early 1800s","108","Outpost established by Alexander Henry the Younger in the early 1800s to serve hunters of the Pembina hills."
"Laboucane (Duhamel)","Settlement","1870s","350","A significant Métis agricultural settlement in Alberta | established by families who migrated westward from the Red River Settlement after the 1870 Res"
"Lac des Chênes (Flat Creek)","Settlement / Wintering site","Late 1860s","112","A traditional Métis wintering site that became a permanent settlement by the late 1860s | also known as Oak Lake."
"Lac Ste. Anne","Mission / Settlement","1844","62","A vital historic Métis mission and gathering place in Alberta."
"Lake Metigoshe Métis Settlement","Settlement / Wintering site","Late 1800s","138","Ancient camping place on Turtle Mountain that became a wintering site for hunters from Grantown. First settlers included Louis Lee Racine."
"Lake Pepin","Reserved Lands / Settlement","1830","350","Early United States Métis land tract associated with the 1830s land grants made to Métis families in Minnesota. Located on the Mississippi River betwe"
"Lane's Post","Trading Post / Farm","Oral tradition / approximate","126","Managed by William Lane; primarily for farming. Lane was involved in a 1864 plot to capture Dakota leaders using drugged wine."
"Lane’s Post (St. François Xavier)","Trading Post / Farm Depot","1856","350","Established in the 1850s at Pigeon Lake on the Assiniboine River | this post first appears in HBC records in 1856. It was managed by William Lane and w"
"Last Mountain Lake","Seasonal Camp / Hunt site","Historic","350","A historic Metis hunting area in central Saskatchewan | near the South Saskatchewan River and the community of Batoche. Metis families from the Red Riv"
"Lido Plage","Gathering / Recreation Site","1931 (Resort)","129","Recreation area on the Assiniboine that hosted the annual "Old Timers & Pioneers Picnic". Featured jigging and fiddling contests."
"Little Britain","Settlement","1826","140","Early name for Lockport; settled by retiring Orkneymen and families. Known for its landmark Presbyterian church built by master stonemasons."
"Little Chicago (Chicago Line)","Road Allowance Community","Early 1900s","74","Pejorative term for road allowance communities where Métis were displaced."
"Little Grand Rapids House","Trading Post","1848","106","HBC post at Family Lake named for rapids on Berens River. Supplies were delivered by York boat until 1871."
"Little Saskatchewan River","Geographic Landmark","Ancient","120","Originates in Riding Mountain; called "Rivière Rapide" by David Thompson. Its valley was a key wintering area for bison."
"Longbody Creek (Kenepikiniwewe)","Road Allowance Community","1988","138","Established in 1988 for Métis displaced from Bloodvein Reserve. The community dispersed within five years as many returned to the reserve."
"Loon Straits","Settlement","Historic","128","Fishing and trapping community on eastern shore of Lake Winnipeg. Residents renowned for building seaworthy oak and cedar boats."
"Lorette (Petit Point du Chênes)","Parish / Settlement","Oral tradition / approximate","134","Settled in 1850s by families from central parishes. A community of freighters and buffalo hunters whose cattle grazed along the Seine."
"Lorette (Petit Point des Chênes)","Parish / Settlement","1850s","134","Settled in 1850s by families from central parishes. A community of freighters and buffalo hunters whose cattle grazed along the Seine."
"MacGregor","Road Allowance Community","1870s (Documented)","133","Road allowance community west of Portage la Prairie. Residents displaced by the rail line and later lobbied for housing land in 1961."
"Mallard (Enniship)","Settlement","1895","113","Associated with Skownan Band; named for a nearby lake. Settlers moved here in 1895 for wild game and Seneca root."
"Manigotagan (Bad Throat River)","Settlement","1904 (Survey)","122","Named for the sound of a waterfall like a bad sound in the throat. Surveyed into 18 river lots in 1904 for Métis laborers."
"Manitoba House (Kinosota)","Settlement / Trading Post","Mid-1790s","194","Location at the narrows of Lake Manitoba where the HBC established Manitoba House in 1796. Treaty Two negotiations took place here 1871. Strategic jun"
"Mapleton","Settlement","1790 (Peguis arrival)","119","Also called "Old England |" home to fur traders and Chief Peguis’ people. Along the Red River north of Lower Fort Garry."
"Matheson Island (formerly Snake Island)","Settlement / Stopping Point","1867 (Post)","135","Stopping place for York boats renamed in 1903 after Daniel Matheson. Residents descend from Norwegian | English | and Icelandic settlers."
"Meadow Portage","Settlement / Stopping Point","Early 1900s (Ranching)","114","Located on a narrow strip between Lake Manitoba and Lake Winnipegosis. Fur trade hub and later ranching community."
"Metikewap (Wooden/Bark Tent)","Road Allowance Community","Historic","124","Road allowance settlement east of The Pas named for bark-covered teepees. Disappeared due to flooding from Grand Rapids dam."
"Métis Island","Settlement","Historic","90","Site of a settlement north of Ross Island at Cross Lake before relocation to Nelson River."
"Michipicoten Post","Fort / Trading Post","Historic","350","Significant Hudson's Bay Company post on the northern shore of Lake Superior | established as a critical transshipment point for goods moving between t"
"Milk River","Historic Site","Late 1800s","350","A site of major historical significance near the Montana-Alberta border | associated with the 1882 Métis deportation attempt. When the Canadian governm"
"Minnedosa","Settlement / Transportation Hub","1869","106","Founded by John Tanner | a Civil War veteran | who built a ferry and store here. Formerly Tanner's Crossing."
"Moose Lake (Settlement)","Settlement","Historic","119","Community southeast of The Pas whose traditional livelihood was devastated by dam flooding. Recorded 282 Métis in 1958."
"Netley Creek (Rivière aux Morts)","Trading Post / Agricultural site","1803 (Post)","126","Site of native horticulture in 1805 where corn and potatoes were grown. HBC established a post here in 1813 with sixty horses."
"Norway House and Rossville","Fort / Settlement / Depot","1817","100","Transshipment hub where Chief Factors met in council. World-renowned center for building York boats."
"Oak Lake (Lac des Chênes / Métis Wintering Sites)","Settlement / Wintering site","Late 1860s","104","Watering stop west of Brandon; became a permanent settlement by late 1860s. Staffed by 50-100 Métis men."
"Oak Point House and Oak Point","Trading Post / Wintering site","1860s (Post)","117","HBC trading post and wintering place for cattle where Métis took land grants. Associated with the "Oak Point Nation"."
"Opaskweyaw (The Pas)","Settlement / Rendezvous Site","1741 (Fort); 1840 (Mission)","107","Rendezvous point for Cree and Métis hunters. Site of Devon Mission | established by Rev. Henry Budd in 1840."
"Oxford House","Fort / Trading Post","1798","125","Established on the Hayes River route Midway between York Factory and Norway House. William Sinclair raised 12 children there."
"Park Valley","Settlement Hub","Historic","350","A Métis settlement hub in Saskatchewan mentioned in Métis historical records as a significant community area. The valley served as a gathering place f"
"Pembina","Settlement / Trading Post","1797 (HBC Post)","116","Named for buffalo wool rubbed off on trees. Strategic wintering spot for hunters and site of early trading outposts."
"Petit Point de Roches","Settlement (River Lot)","Mid-1800s","85","Red River community north of Ste. Agathe inhabited by buffalo hunters and freighters."
"Petit Point du Chênes (Lorette)","Parish / Settlement","1850s","183","Settled 1850s by families from central Red River parishes. Community of freighters and buffalo hunters whose cattle grazed the Seine River. Bishop Tac"
"Pikwitonei","Settlement (Railway)","1914","112","Railway division point where Métis engaged in track maintenance and sturgeon fishery. Division point until 1972."
"Pine Bluff","Settlement","1874","119","Self-sufficient settlement southeast of The Pas established as early as 1874. Entirely flooded by the Grand Rapids Dam."
"Pine Dock (Bullhead)","Settlement","Historic","58","Community on Lake Winnipeg historically known as Bullhead."
"Pine Fort","Fort / Trading Post","1768 (Fort des Épinettes)","82","Lowest post on Assiniboine; chief trade hub for Mandan Indians. Abandoned in 1794."
"Pointe à Grouette","Settlement","Oral tradition / approximate","114","Settlement of hunters and salt makers where most were disenfranchised after 1870. Known as Petite Pointe à Saline."
"Pointe à Grouette (Petite Pointe à Saline, St. Agathe)","Settlement / Parish","Mid-1800s","114","Settlement of hunters and salt makers where most were disenfranchised after 1870. Known as Petite Pointe à Saline."
"Pointe Coupée (St. Adolphe)","Parish / Settlement","Early 1800s","99","Red River parish founded by Métis in early 1800s. Site of 1869 Resistance action against surveyors."
"Pointe des Chênes (Grande Pointe des Chênes, Ste. Anne de Chênes)","Settlement","1850s","115","Woodcutting center where residents were primary laborers for Dawson Road. Enraged by John Snow ignoring boundaries."
"Pointe du Chien-Maigre","Historic Site / Fort","Historic","350","A historic Métis name for the Carlton House area in Saskatchewan. The name reflects the Indigenous understanding of the landscape and was used by Méti"
"Poitras House","Trading Post","1807","59","HBC post near Brandon named for the Métis trader in charge."
"Poplar Point","Parish / Settlement","1850s","90","Settlement featuring a log church with a bell from York Factory. Church completed in 1864."
"Portage La Loche","Transportation Hub","Historic","350","One of the longest and most challenging portages in the North American fur trade. Located on the Churchill River system in Saskatchewan | it required M"
"Prairie à Fournier","Mission / Settlement site","1834","113","Mission site east of St. Eustache on land gifted by Governor Simpson. Nolin sisters opened a school here in 1834."
"Rabbit Point (Princess Harbour)","Settlement","Historic","93","Small peninsula on Lake Winnipeg near Bloodvein Bay. Positioned 304 air km north of Winnipeg."
"Rall’s (Rahls) Island (Settlement)","Road Allowance Community","1915","95","Road allowance community downstream from The Pas. Founded by Charles Rall and Elizabeth Knight."
"Rat Portage","Settlement","1882 (Incorporation)","60","Disputed area between Manitoba and Ontario (today's Kenora)."
"Rat River (Rivière aux Rats)","Settlement / Wintering site","1822-1825","96","Wintering site with plentiful hay and wood. Surrounds the present community of St. Pierre Jolys."
"Red Deer Lake","Trading Post site / Settlement","1794 (Post)","314","This cluster of five Métis communities is located on the edge of the Porcupine Forest near the former Fort Red Deer River trading post. Barrows served"
"Red River Settlements (North of Upper Fort Garry)","Settlement / Parish","Pre-1870","122","Network of narrow river lots extending north | home to hunters and farmers. Lots extended two miles east and west of river."
"Riding Mountain","Historic Site / Landmark","Ancient","113","Known as Manitouapau Hills or "Hill of the Buffalo Hunt". Sacred grounds for elk and a strategic migration route."
"Rivière aux Islets de Bois (Carman)","Settlement","1825","85","Winding river site famous for cart builders and "sugar lots". Now called Boyne River."
"Rivière Esturgeon (St. Charles)","Parish / Settlement","Early 1800s","111","Métis community west of Sturgeon Creek with a buffalo crossing and ferry. Formally renamed St. Charles in 1854."
"Rivière Gratchias (Morris)","Settlement / Transportation site","Historic","109","Rest stop for Red River carts making their way south to St. Paul. Named for the abundant burdock (gratchias)."
"Rivière Sale (St. Norbert)","Parish / Settlement","1822","123","Settlement dating back to 1822; cradle of the 1869-70 Resistance. Site of the famous wooden blockade turned back McDougall."
"Rivière St. Pierre","Geographic Feature","1734","78","An early explorer name for the Souris River and the Little Saskatchewan River."
"Rock Lake (Lac des Roches)","Settlement","Historic","128","Source of Pembina River; inhabited by descendants of Henry’s Métis employees. People intermarried with Nakoda and Chippewa Cree."
"Rooster Town","Road Allowance Community","Oral tradition / approximate","172","Last known road allowance community in Winnipeg | located between railway tracks. Named Pakan Town for hazelnuts. Evicted in 1959 to make way for a sho"
"Rooster Town (Pakan Town)","Road Allowance Community","Early 1900s","172","Last known road allowance community in Winnipeg | located between railway tracks. Named Pakan Town for hazelnuts. Evicted in 1959 to make way for a sho"
"Salt Point Métis Settlement","Settlement","1800s","260","A community stretching along a five-kilometre section of the east shore of Lake Winnipegosis | accessed via PR #276. In the 1800s | the Monkman family o"
"Sandy Bay","Settlement","1871","307","Originally the White Mud Band | these Ojibway-French mixed-bloods were relocated multiple times—first 20 miles north of Westbourne | then straight north"
"Sault à la Biche (Deer Rapids, St. Andrews)","Settlement","Early 1800s","281","Located at the limestone rapids of the Red River south of Selkirk. It was chosen for early Indian and Métis settlements because the high ground offere"
"Saulteaux Village","Parish / Settlement","1832","350","A French-Métis parish on the Assiniboine River between St. François Xavier and Poplar Point. Father Belcourt founded the mission to transition the Mét"
"Selby Town","Road Allowance Community","1939","276","A Métis road allowance community south of Binscarth. It was settled in 1939 by refugees from Ste. Madeleine after their original homes were burned. Th"
"Seven Oaks (Sept Chênes)","Historic Site (Battlefield)","June 19, 1816","282","Site of the 1816 battle known to the Métis as La battaille de la Grenouillère (Battle of Frog Plain). The conflict began when HBC Governor Semple's me"
"Shoal River","Settlement / Trading Post","Oral tradition / approximate","350","An HBC post located on Pelican Lake | which was part of the Shoal River system in western Manitoba. It served as a trade hub for the local Cree-Saultea"
"Shoal River House","Trading Post","Historic","192","An HBC post located on Pelican Lake | which was part of the Shoal River system. It served as a trade hub for the local Cree-Saulteaux Band and was conn"
"Skownan, Rock Ridge and Mallard Métis Settlements","Settlement","1895 (Mallard)","252","A cluster of settlements on the south shore of Waterhen Lake. Skownan is a Cree name meaning "to turn around the point." These communities were origin"
"Smokey River","Settlement Hub","Historic","350","A Métis settlement in Alberta with significant historical connections to the scrip applications of western Métis families. Located in western Alberta "
"South Indian Lake Métis Settlement","Settlement","1803 (Original Post)","350","A northern community linked to the Churchill River and Reindeer Lake fur trade networks. This area supported a specialized lifestyle of commercial fis"
"Spring Creek (Lewistown)","Settlement","Late 1800s","222","Located in Montana | this site is recognized for its first Catholic pioneers from the Métis community. It was a significant destination for Métis famil"
"St. Adolphe","Parish / Settlement","Early 1800s","99","Red River parish founded by Métis in early 1800s. Site of 1869 Resistance action against surveyors."
"St. Ambroise","Settlement","1870 (Relocation)","250","A small Métis community on the southeast tip of Lake Manitoba. After 1870 | many Métis relocated here to "scrub land" that was independent and self-suf"
"St. Ambroise Dakota Entrenchment (Historic Site)","Historic / Defensive Site","1864","266","A continuous circular earthen embankment 114 metres in diameter with interior rifle pits. It was built by a group of Dakota led by "The Leaf" who were"
"St. Andrews","Parish / Settlement","1823","281","Located at the limestone rapids of the Red River south of Selkirk. It was chosen for early Indian and Métis settlements because the high ground offere"
"St. Anne de Chênes","Settlement","1850s","196","Woodcutting center where residents were primary laborers for the Dawson Road. Enraged when surveyor John Snow ignored their established boundaries. Hu"
"St. Boniface","Parish / Settlement Hub","1818","255","Named by Bishop Provencher in honor of an English missionary. It was the historic center of the Red River Settlement and the administrative heart of t"
"St. Charles","Parish / Settlement","Early 1800s","171","The location of "The Passage |" a natural ford for Red River carts. Among the earliest settlers on the river lot farms were the Beauchemin | Hogue | and "
"St. Eustache (formerly Baie St. Paul)","Settlement / Road Allowance","1898","350","Originally part of the Baie St. Paul parish | the mission was destroyed by extensive flooding in 1882. Many residents relocated to North Dakota | but Bi"
"St. François Xavier","Parish / Settlement","1823","136","Established by Cuthbert Grant in 1823 as a buffer for the Red River Settlement. First industrial site in Manitoba for cart construction."
"St. Joseph (Walhalla)","Mission / Settlement","1853","350","This location in North Dakota was where Father Belcourt moved his mission and school in 1853 | thirty miles west of Pembina. It became a significant hu"
"St. Laurent","Settlement","1824","186","Established by Métis forced to leave Pembina when it became American territory. Residents maintained a strong Michif identity despite church and schoo"
"St. Mary’s (Portage la Prairie)","Parish / Settlement","1853","217","Founded in 1853 by Reverend William Cockran and families from Middlechurch and St. Andrews. The settlers moved westward as the good river lots near th"
"St. Norbert","Parish / Settlement","1822","123","Settlement dating back to 1822; cradle of the 1869-70 Resistance. Site of the famous wooden blockade turned back McDougall."
"St. Peter's Mission","Mission","Historic","350","A significant Jesuit mission in Montana that educated Métis students in the late nineteenth century. The mission was part of a broader network of Cath"
"St. Pierre","Settlement / Wintering site","1822","78","An early explorer name for the Souris River and the Little Saskatchewan River."
"St. Vital","Settlement","1824","200","Site of the early Métis river lots for families like the Riels | Naults | and Bruces. It developed along a broad elbow of the Red River south of St. Bon"
"Ste. Madeleine","Settlement (Destroyed)","1870s","205","A traditional community of over twenty families homesteaded since the 1870s. In 1938 | the town was destroyed to create a community pasture. Homes were"
"Ste. Rose du Lac","Settlement","1889","200","Established in 1889 by families from St. Vital looking for haylands to overwinter their animals. Led by the sons of Jean Baptiste Spence and guided by"
"Stony Mountain","Sanctuary / Landmark","1870 (Homestead)","176","Known as "Snake Indian Hills |" it was a high-ground sanctuary used for centuries to escape Red River floods. The "Faith Trail" brought settlers in ox-"
"Stovepipe (Tuyau)","Road Allowance Community","Mid-1800s","219","A road allowance tent community in the Ste. Anne area inhabited by the families of woodcutters working in the forests to the east. The name "Stovepipe"
"Sugar Island (Lake Manitoba)","Traditional Harvesting Site","Ancient","203","A historic maple sugaring site for the Métis of Ebb and Flow and Bacon Ridge. Families like that of "Nonoonse" returned every spring for over forty ye"
"Summerberry Marsh","Traditional Harvesting Area","Historic","202","A massive drainage basin east of The Pas used for muskrat trapping. The traditional livelihood was destroyed by the Grand Rapids Dam | leading to a lon"
"Swan Creek","Settlement","Pre-1871","184","Located north of St. Laurent near Monkman’s Point. It was inhabited primarily by the Monkman family and their relations | who eventually moved to St. L"
"Swan River (and Swan River House)","Fort / Trading Post","1790","203","Established in 1790 by the HBC and Cuthbert Grant. The post’s primary purpose was to trade for birch bark for canoe-making. Many modern Métis families"
"Tanner’s Crossing (Minnedosa)","Settlement / Transportation Hub","1869","178","Founded by John Tanner | a veteran of the American Civil War | who built a ferry and store here on the Carlton Trail. The name was changed to Minnedosa "
"Teton River","Settlement / Wintering site","Historic","350","A Métis wintering and hunting quarter on the South Fork of the Teton River in Montana. Used by plains Métis who had crossed the international boundary"
"The Corner (Li Kwayn)","Road Allowance Community","1939","187","A road allowance community near Binscarth for Ste. Madeleine refugees. Located on a former gravel pit | residents built the St. Hubert Church using log"
"The Pas","Settlement / Rendezvous Site","1741 (Fort)","107","Rendezvous point for Cree and Métis hunters. Site of Devon Mission | established by Rev. Henry Budd in 1840."
"The Passage (Charleswood)","Transportation Landmark","Early 1800s","163","A natural ford for buffalo and Red River carts where the Assiniboine River was shallow. It was used by independent traders to bypass the HBC monopoly "
"Thicket Portage","Settlement (Railway)","1914 (Rail)","175","Located on the Hudson Bay Railway line. Before the rail | the Métis here operated York boats and dog teams. The community was a key sturgeon fishing ca"
"Thomas Métis Settlement","Road Allowance Community","1930s","156","A road allowance community outside of The Pas named for the founding family. It was represented by the Northern Halfbreed Association starting in the "
"Tin Town","Road Allowance Community","1930s","144","A road allowance community south of Rooster Town in Winnipeg. It was built from scrap metal and tin by destitute families during the Depression."
"Tokyo at Crescent Lake","Settlement","Historic","174","A Métis community located near Crescent Lake in Saskatchewan. It is listed as one of the many dispersed settlements that formed after the migrations o"
"Totogan","Settlement (Abandoned)","1870s","195","A settlement at the junction of Rat Creek and Whitemud River. Its name means "low | swampy land." It was once touted as the "New Chicago" before extrem"
"Turtle Mountain","Settlement","Oral tradition / approximate","216","A favorite wintering spot with abundant game. Turtle Mountain House was established in 1846 and operated by Antoine Desjarlais until 1855. It was a si"
"Turtle Mountain (and Turtle Mountain House)","Landmark / Settlement","1846 (Post)","216","A favorite wintering spot with abundant game. Turtle Mountain House was established in 1846 and operated by Antoine Desjarlais until 1855. It was a si"
"Umphreville or Humphreville (Settlement)","Road Allowance Community","1900s","185","A road allowance community northeast of The Pas named for its patriarch | John Umphreville. The family was connected to a vast kinship network extendin"
"Upper Athabasca","Settlement Hub","Historic","232","This region's history is characterized as an Upper Athabasca Ethnohistory | involving the Snare | Snake | and Iroquois-Métis people. It was a key area fo"
"Upper Fort Garry","Fort / administrative center","1822","122","Network of narrow river lots extending north | home to hunters and farmers. Lots extended two miles east and west of river."
"Wabowden","Settlement","Late 1800s","182","Originally located at Setting Lake on the Grass River route | it relocated to Bowden Lake with the railway in the 1920s. It remains a major center for "
"Waterhen River (Rivière de la Poule d'Eau)","Transportation Route","Historic","175","The primary outflow for Lake Winnipegosis into Lake Manitoba. It was a vital transportation route used by Métis and Saulteaux hunters to move between "
"Wekusko (Herb) Lake","Settlement (Mining town)","1914","153","A mining supply center developed after gold was discovered in gold-bearing quartz in 1914. Former MMF President Ed Head worked here as a diamond-drill"
"Wheat City","Settlement","1820s","175","A Métis community in Charleswood dating to the 1820s | located near a buffalo crossing. Families like the Branconniers and Morrissettes worked as harve"
"Whiskey Flats","Road Allowance Community","Early 1900s","350","A Métis road allowance community in Alberta | part of a network of informal settlements where displaced Métis families lived after losing their land. K"
"White Mud River","Settlement","Oral tradition / approximate","147","First named "White Mud River Settlement" after the color of the clay on its banks. It was a hunter's village with a small church and burial ground."
"White Mud River Settlement (Rat Creek and Totogan)","Settlement (Abandoned)","Historic","147","First named "White Mud River Settlement" after the color of the clay on its banks. It was a hunter's village with a small church and burial ground."
"Whiteway Point","Trading Post (Outpost)","Pre-1859","128","A point on the narrows of Lake Winnipeg named after the HBC official in charge of the post. It is now called West Doghead Point."
"Williams County","Settlement","Historic","350","A Métis community in northwestern North Dakota along the Montana border. Families here had land holdings and kinship ties that spanned the Canada-US b"
"Willow Bunch","Settlement / Wintering site","Historic","241","A vital hivernant (wintering) community in Saskatchewan. It was a major destination for Métis families after the 1870 and 1885 Resistance movements. H"
"Willow Flats","Road Allowance Community","Early 1900s","184","A Métis road allowance community located in the Northwest Territories. It is part of the extensive northern network of Métis settlements characterized"
"Winnipeg-St. Boniface","Parish / Settlement Hub","1818","350","The historic heart of the Red River Métis Homeland | this area served as the administrative | religious | and political center. St. Boniface was named by"
"Winnipegosis","Settlement","1741 (Fort)","166","Named for the Cree word meaning "Little Muddy Water." It was the site of the 1741 Fort Dauphin and later a major center for the 20th-century timber an"
"York Factory","Fort / Trading Post","1684","146","The central base of operations for the HBC fur trade for centuries. It featured a massive octagonal star fort designed to withstand naval attacks."
"Young Point Settlement","Road Allowance Community","1950s (Census)","165","A road allowance community south of The Pas in the Pasquia Settlement named for Josiah Young. It was excluded from town boundaries | denying residents "